id,score
ONU3,0.9999218
ONU5,0.9975144
ONU44,0.0005547621
ONU45,0.9899213
ONU54,0.9887605
ONU64,0.99463004
ONU66,0.00041067836
ONU78,0.0018704026
ONU82,0.9822057
ONU84,0.9963034
ONU88,0.99992174
ONU90,0.014010028
ONU97,0.9999113
ONU100,0.99944854
ONU117,0.9776942
ONU119,0.92006713
ONU129,0.9999204
ONU137,0.9991911
ONU141,0.9999098
ONU145,0.94530815
ONU180,0.9809952
ONU187,0.99921656
ONU200,0.99989384
ONU204,0.97909814
ONU205,0.946073
ONU214,0.0058447435
ONU256,0.0017603218
ONU260,0.0031110796
ONU261,0.030243123
ONU263,0.03935656
ONU268,0.00015001198
ONU281,0.9969692
ONU283,0.5586781
ONU287,0.8476185
ONU296,0.98536783
ONU310,0.39261138
ONU314,0.93371123
ONU322,0.77820534
ONU323,0.97862214
ONU332,0.27220893
ONU342,0.99982905
ONU346,0.97419614
ONU373,0.99978226
ONU375,0.7950937
ONU412,0.9998763
ONU419,0.9968958
ONU424,0.697186
ONU430,0.0015716093
ONU437,0.98569155
ONU438,0.9997082
ONU440,0.9998908
ONU443,0.7706988
ONU451,0.013099809
ONU452,0.5871812
ONU453,0.9987755
ONU462,0.9997363
ONU467,0.99988556
ONU471,0.9997511
ONU484,0.014964002
ONU503,0.9997818
ONU509,0.9947865
ONU522,1.1690721e-05
ONU523,0.19303632
ONU526,0.93769693
ONU528,0.99995977
ONU529,0.9924614
ONU530,0.9773124
ONU531,0.9998843
ONU532,0.9999296
ONU551,0.90058535
ONU572,0.9996619
ONU573,0.00024131352
ONU588,0.0001913276
ONU595,0.011014491
ONU597,0.9891971
ONU605,0.72874373
ONU609,0.011717439
ONU650,0.9979356
ONU674,0.0046389843
ONU699,0.99986076
ONU714,0.96178573
ONU731,0.06372356
ONU736,0.9710374
ONU778,0.8469143
ONU780,0.9987801
ONU786,0.98352355
ONU794,0.99737436
ONU823,0.6568349
ONU831,0.99509984
ONU838,0.993084
ONU844,0.99937505
ONU858,0.9994814
ONU860,0.97151965
ONU862,0.012871135
ONU871,0.7920728
ONU881,0.9968198
ONU885,1.9893265e-05
ONU893,1.0154967e-06
ONU894,0.0010124448
ONU899,0.97983617
ONU906,0.00019014353
ONU908,0.09768958
ONU925,0.9995757
ONU933,0.92927146
ONU948,0.918204
ONU960,0.99148494
ONU976,0.022045856
ONU983,0.99660605
ONU992,0.99246687
ONU994,0.9851597
ONU997,0.99960166
ONU1001,0.9995102
ONU1004,0.9975028
ONU1005,0.94796115
ONU1007,0.0013155964
ONU1009,0.016731042
ONU1020,0.5515971
ONU1040,0.69400555
ONU1049,0.99881154
ONU1069,0.07111216
ONU1077,0.93376476
ONU1094,0.9203506
ONU1096,0.99979967
ONU1097,0.9996651
ONU1109,0.35933793
ONU1110,0.9910288
ONU1123,0.9961915
ONU1126,0.999904
ONU1138,0.60006505
ONU1139,0.0003914129
ONU1140,0.9248201
ONU1145,0.23101269
ONU1147,0.043315846
ONU1159,0.84476024
ONU1174,0.26344264
ONU1182,0.00012495497
ONU1183,0.9995226
ONU1191,0.98624915
ONU1192,0.98166305
ONU1208,0.979948
ONU1213,0.13827647
ONU1219,0.00011663911
ONU1221,8.0904305e-05
ONU1222,0.9987542
ONU1235,2.0286288e-05
ONU1250,0.0076298676
ONU1255,0.8457853
ONU1276,0.0022851732
ONU1293,0.49781442
ONU1296,0.9955395
ONU1297,0.02239307
ONU1300,0.92804813
ONU1330,0.0735955
ONU1338,0.45550522
ONU1341,0.9998657
ONU1344,0.99051046
ONU1346,0.012197442
ONU1352,0.0038679037
ONU1370,0.9943847
ONU1391,4.519512e-05
ONU1392,0.0055870055
ONU1409,0.976507
ONU1414,0.9894435
ONU1417,0.03836381
ONU1442,0.7491787
ONU1443,0.13764022
ONU1463,0.99962944
ONU1465,0.4824101
ONU1479,0.9982276
ONU1487,0.95684177
ONU1520,0.959506
ONU1524,0.010697011
ONU1532,0.9995551
ONU1540,0.9998646
ONU1549,0.024865383
ONU1556,0.99984455
ONU1580,0.9099951
ONU1612,0.99888784
ONU1623,0.008780045
ONU1631,0.8809839
ONU1635,0.998936
ONU1640,0.9751477
ONU1684,0.9998407
ONU1702,0.9242842
ONU1705,0.10420037
ONU1707,0.9997046
ONU1722,0.9994168
ONU1728,0.01985328
ONU1754,0.020487463
ONU1770,0.009522426
ONU1772,0.99801904
ONU1777,0.007991989
ONU1778,0.9527965
ONU1800,0.32515702
ONU1821,0.06183474
ONU1827,0.53775173
ONU1830,0.998903
ONU1838,0.9525156
ONU1850,0.50744396
ONU1854,0.99991107
ONU1859,0.0528844
ONU1862,0.00076077273
ONU1863,0.009683686
ONU1875,0.9193426
ONU1910,3.249402e-06
ONU1921,0.99708223
ONU1933,0.001006795
ONU1955,0.0023771953
ONU1959,0.995792
ONU1961,0.9985712
ONU1970,2.2481358e-05
ONU1972,0.9992759
ONU1983,0.023985311
ONU1993,0.99993783
ONU2004,7.298277e-05
ONU2015,0.9965212
ONU2024,0.09023378
ONU2029,0.0032473905
ONU2041,0.8002936
ONU2042,0.004165688
ONU2066,0.8868229
ONU2076,0.1345722
ONU2081,0.0045200917
ONU2098,0.8982703
ONU2103,3.1999745e-05
ONU2111,0.0022052464
ONU2118,0.96468836
ONU2126,0.023781953
ONU2132,0.009907758
ONU2152,0.20390196
ONU2158,0.7191379
ONU2164,0.021445299
ONU2182,0.9997597
ONU2187,0.00058993086
ONU2189,0.99993116
ONU2190,0.40393862
ONU2191,0.92062944
ONU2202,0.001476078
ONU2217,0.99997663
ONU2222,0.13274638
ONU2236,0.9094021
ONU2257,0.9871972
ONU2277,0.91874814
ONU2283,0.0014208927
ONU2285,0.0029849315
ONU2287,0.99998134
ONU2294,0.9979053
ONU2295,0.7512372
ONU2296,0.00424028
ONU2303,0.2815543
ONU2313,0.8648365
ONU2325,0.06362657
ONU2328,0.38641167
ONU2331,0.98623616
ONU2343,0.00019666208
ONU2349,0.0010743235
ONU2350,0.7317373
ONU2353,0.0001193094
ONU2362,0.000206545
ONU2363,0.04612422
ONU2375,0.0007591387
ONU2376,0.00406488
ONU2388,0.011286455
ONU2396,0.97905034
ONU2398,0.014914487
ONU2405,0.99987537
ONU2410,6.442157e-05
ONU2419,0.9999797
ONU2423,0.99165887
ONU2428,0.94253635
ONU2429,0.99790716
ONU2435,0.7982447
ONU2482,0.99971366
ONU2520,0.015961664
ONU2524,0.005255081
ONU2544,0.014826414
ONU2546,0.00012073936
ONU2549,0.4037551
ONU2550,0.07689176
ONU2578,0.00025656627
ONU2579,0.99843055
ONU2601,0.0002858681
ONU2608,0.24237598
ONU2609,0.25671694
ONU2618,3.6594767e-05
ONU2622,0.99850297
ONU2623,0.011540993
ONU2631,0.015105638
ONU2644,0.013311286
ONU2656,0.36405933
ONU2659,3.7894566e-05
ONU2667,0.9999377
ONU2675,0.9982384
ONU2678,0.00018954423
ONU2687,0.8057739
ONU2688,0.00014960703
ONU2691,0.96374345
ONU2709,0.9334059
ONU2739,0.0042896555
ONU2748,0.9703936
ONU2761,0.9767163
ONU2762,0.0053208084
ONU2765,0.5098012
ONU2779,0.0035747152
ONU2785,0.99821085
ONU2786,0.53149503
ONU2797,0.004455367
ONU2812,0.31939304
ONU2813,0.005262988
ONU2817,0.009702065
ONU2832,0.8825314
ONU2872,0.0032729302
ONU2875,0.00014076191
ONU2895,0.70349365
ONU2900,0.03976569
ONU2908,0.13064434
ONU2910,0.005564999
ONU2912,0.9998135
ONU2939,0.99993485
ONU2948,0.0011944447
ONU2963,0.01956836
ONU2967,0.9205639
ONU2972,0.13683297
ONU2977,0.93604225
ONU2998,0.00016946344
ONU3002,0.99132705
ONU3006,0.9988899
ONU3009,0.9994523
ONU3029,0.04821487
ONU3030,0.005165449
ONU3033,0.023282563
ONU3043,0.0010229247
ONU3045,0.9983983
ONU3047,0.33994052
ONU3061,0.9982798
ONU3063,0.01777569
ONU3068,0.004571475
ONU3087,0.10852072
ONU3094,0.00035738235
ONU3110,0.999625
ONU3116,0.048104823
ONU3122,0.8560919
ONU3129,0.9999011
ONU3142,0.27429304
ONU3176,0.99854976
ONU3182,0.43430445
ONU3184,0.9983032
ONU3189,0.98469067
ONU3193,0.9970026
ONU3196,0.08294662
ONU3198,0.00023289357
ONU3199,0.5706907
ONU3205,0.0101592345
ONU3228,0.00016385487
ONU3233,0.97623616
ONU3251,0.99816126
ONU3264,0.10553361
ONU3278,0.98924375
ONU3279,0.004763191
ONU3285,0.0027239246
ONU3302,0.00020372367
ONU3305,0.9796285
ONU3307,0.002063599
ONU3309,0.0007834919
ONU3317,0.99992996
ONU3323,0.0005916017
ONU3328,0.020933159
ONU3360,0.48127127
ONU3389,0.981801
ONU3393,0.01508573
ONU3405,0.017758327
ONU3419,0.13917162
ONU3423,0.0072385464
ONU3430,0.010759554
ONU3438,0.0020332139
ONU3444,0.00015832474
ONU3446,0.013255383
ONU3475,0.0040617916
ONU3489,0.9962597
ONU3496,0.8142748
ONU3504,0.99852556
ONU3521,0.9880412
ONU3522,0.97720665
ONU3540,0.007839098
ONU3545,0.99394053
ONU3546,0.98987955
ONU3556,0.0011795835
ONU3566,0.70608014
ONU3572,0.9999084
ONU3575,0.025461627
ONU3584,0.0002103125
ONU3591,0.0262815
ONU3605,0.0986057
ONU3611,0.0045901756
ONU3614,0.00017449434
ONU3623,0.9430886
ONU3632,0.6608017
ONU3655,0.99746114
ONU3659,0.8586634
ONU3668,0.0021273117
ONU3679,0.002339505
ONU3685,0.025250284
ONU3690,0.9194711
ONU3693,0.007352719
ONU3701,0.059317905
ONU3733,0.0026121426
ONU3734,0.99959606
ONU3736,0.9999048
ONU3743,0.9995208
ONU3760,0.005399916
ONU3774,0.00021682393
ONU3783,0.00044255922
ONU3795,0.07621025
ONU3801,0.7113697
ONU3812,0.001120062
ONU3813,0.99921364
ONU3820,0.4978578
ONU3841,0.99965924
ONU3857,0.98999023
ONU3861,0.25770533
ONU3868,0.98168916
ONU3871,0.8726972
ONU3875,0.99894
ONU3877,0.09846252
ONU3883,0.23314051
ONU3892,0.015111572
ONU3893,0.005332176
ONU3895,0.029368563
ONU3925,0.99618596
ONU3928,0.900217
ONU3968,0.94281846
ONU4008,0.47555342
ONU4017,0.00022141579
ONU4019,0.03265409
ONU4043,0.2258511
ONU4046,0.01436875
ONU4049,0.0009885534
ONU4065,0.9780202
ONU4077,0.9943383
ONU4096,0.9464571
ONU4101,0.00012178635
ONU4111,0.00012284497
ONU4134,0.9998605
ONU4137,0.001138137
ONU4138,0.002357682
ONU4151,0.9552949
ONU4162,0.00086579303
ONU4168,0.0014731766
ONU4172,0.0012808826
ONU4198,0.9509752
ONU4223,0.97856575
ONU4233,0.0018621519
ONU4250,0.82513756
ONU4262,0.00011303407
ONU4272,0.008175297
ONU4279,0.2367257
ONU4305,0.00059269264
ONU4311,0.46557054
ONU4324,0.020321632
ONU4335,0.34545112
ONU4338,0.03738428
ONU4341,0.027809171
ONU4344,0.9996483
ONU4350,0.0018679225
ONU4358,0.004045598
ONU4364,0.06300012
ONU4367,0.99450177
ONU4389,0.0007275918
ONU4390,0.027237711
ONU4406,0.00072941
ONU4428,0.2826968
ONU4510,0.9999261
ONU4545,0.112246625
ONU4550,0.00029130583
ONU4561,0.026020011
ONU4580,0.003135981
ONU4586,0.9775633
ONU4587,0.0007471717
ONU4598,0.0013523063
ONU4638,8.785369e-05
ONU4669,0.18915398
ONU4676,0.0013651284
ONU4682,0.0015398565
ONU4689,0.0018317014
ONU4699,0.98812205
ONU4701,0.99937254
ONU4708,0.0153188845
ONU4714,0.00089374365
ONU4726,0.90080065
ONU4728,0.0014582843
ONU4729,0.0042772526
ONU4752,0.0018082039
ONU4760,0.7867796
ONU4764,0.31461897
ONU4776,0.024562761
ONU4788,0.99086493
ONU4790,0.9957466
ONU4793,0.0028712715
ONU4804,0.009164902
ONU4814,0.99212855
ONU4822,0.05447833
ONU4823,0.9998959
ONU4827,0.0008625846
ONU4868,3.3200856e-06
ONU4873,0.004932489
ONU4891,0.9794064
ONU4905,0.5118541
ONU4922,0.003091259
ONU4942,0.0002181491
ONU4950,0.9999361
ONU4979,0.0012591134
ONU4989,0.0040926724
ONU4996,0.99004513
ONU5020,0.00020298269
ONU5021,0.0061810412
ONU5028,0.020664383
ONU5031,0.0002715894
ONU5058,4.3731383e-05
ONU5066,0.001468618
ONU5074,0.004240174
ONU5077,0.0033366152
ONU5108,0.00084067765
ONU5111,0.99680775
ONU5113,0.99967265
ONU5118,0.9999177
ONU5123,0.03205366
ONU5130,0.99481493
ONU5147,0.19940792
ONU5151,0.0003790234
ONU5155,0.3516561
ONU5157,0.38606116
ONU5180,0.027441157
ONU5192,0.98990947
ONU5193,5.4282747e-05
ONU5198,0.6720441
ONU5205,0.072399355
ONU5208,0.99596256
ONU5213,0.9994387
ONU5227,0.8038955
ONU5234,0.00066400104
ONU5240,0.67023736
ONU5241,3.1224306e-05
ONU5242,0.026960522
ONU5249,0.0023575674
ONU5266,0.0023829453
ONU5285,0.6801066
ONU5309,0.023737073
ONU5318,0.024978645
ONU5329,0.023136677
ONU5331,0.0003111349
ONU5335,0.9997341
ONU5336,0.49304566
ONU5337,0.0014661984
ONU5338,0.0010623293
ONU5373,0.99970436
ONU5408,0.04006213
ONU5413,0.00190832
ONU5416,0.009804963
ONU5420,0.023865612
ONU5421,0.059052944
ONU5425,0.99407786
ONU5427,0.0071011707
ONU5429,0.002580138
ONU5458,0.0019219337
ONU5466,0.99912816
ONU5468,0.47791985
ONU5483,0.6616706
ONU5507,0.017831543
ONU5510,0.008225019
ONU5548,0.60385346
ONU5551,0.0011715648
ONU5555,0.00055922335
ONU5559,0.4530128
ONU5563,0.020140762
ONU5568,0.0061666495
ONU5575,0.99773866
ONU5597,0.051557194
ONU5601,0.11181108
ONU5603,0.00315696
ONU5606,0.9857414
ONU5607,0.9946242
ONU5616,0.0009488158
ONU5625,0.14688711
ONU5653,5.4446104e-05
ONU5663,0.0029936926
ONU5697,0.0071036774
ONU5736,0.00024148263
ONU5767,0.00027074225
ONU5818,0.00013935474
ONU5823,0.2025444
ONU5857,0.06786905
ONU5875,0.002676428
ONU5876,0.0065862047
ONU5885,0.9999729
ONU5895,0.9993312
ONU5900,0.007515619
ONU5910,0.0021915531
ONU5929,0.9224549
ONU5935,0.9653017
ONU5937,0.73494977
ONU5941,0.9999609
ONU5949,0.0006035915
ONU5955,0.7730213
ONU5989,0.99987394
ONU5997,0.002932273
ONU6001,0.1641842
ONU6021,0.004781047
ONU6026,0.0014512056
ONU6029,0.94641215
ONU6037,0.0002977679
ONU6041,0.225628
ONU6044,0.34196153
ONU6087,0.5365185
ONU6099,0.98140794
ONU6120,0.571107
ONU6122,0.030538881
ONU6129,0.997673
ONU6137,0.00029174445
ONU6140,0.6333475
ONU6160,0.016156554
ONU6204,1.3839798e-05
ONU6213,0.24940555
ONU6214,8.305252e-05
ONU6225,0.0226892
ONU6234,0.0019339044
ONU6266,0.99956083
ONU6270,0.006184481
ONU6289,0.082246535
ONU6308,0.7797497
ONU6313,0.00017411153
ONU6333,0.75679535
ONU6366,0.089212276
ONU6379,0.0067080813
ONU6386,0.0053142807
ONU6393,3.573929e-05
ONU6395,0.01048743
ONU6403,0.99503285
ONU6421,0.00079695677
ONU6447,0.0007464818
ONU6455,0.9982136
ONU6456,0.00011903459
ONU6486,0.00026520848
ONU6493,0.93644047
ONU6500,0.13251193
ONU6513,0.00023418594
ONU6544,0.0044125286
ONU6557,0.0077708405
ONU6567,0.97148556
ONU6568,0.00746885
ONU6577,0.00013056891
ONU6580,0.5717152
ONU6583,0.022952454
ONU6588,0.0038835825
ONU6593,0.0023672187
ONU6594,0.97322875
ONU6603,0.034056056
ONU6610,0.00024803847
ONU6619,0.031525258
ONU6644,0.0011025063
ONU6645,0.004970701
ONU6664,0.009993967
ONU6681,0.13765849
ONU6683,0.08575764
ONU6713,0.9997118
ONU6717,0.9933433
ONU6718,0.05126136
ONU6721,0.9998064
ONU6741,0.011962841
ONU6757,0.99986106
ONU6764,0.05352509
ONU6768,0.00066889025
ONU6780,0.00026953567
ONU6782,0.18980992
ONU6796,0.0009733315
ONU6797,0.9943616
ONU6800,0.9870722
ONU6822,0.9989025
ONU6830,0.012775246
ONU6833,0.20962906
ONU6847,0.9999693
ONU6851,0.00022811342
ONU6856,0.009228555
ONU6861,0.0003761433
ONU6866,0.96282095
ONU6871,0.99858403
ONU6907,0.027838653
ONU6943,0.95032984
ONU6949,0.011623641
ONU6958,0.004824082
ONU6962,0.00013731826
ONU6971,0.0017366117
ONU6972,0.0011795708
ONU6980,0.36020955
ONU6982,0.0013497093
ONU6987,0.014295665
ONU7002,0.00013332863
ONU7024,0.11898649
ONU7037,0.0004553612
ONU7039,0.9998271
ONU7048,0.336946
ONU7071,0.99288636
ONU7078,0.9677305
ONU7079,0.12635337
ONU7089,0.7313354
ONU7104,0.47063366
ONU7112,0.0010411649
ONU7118,0.99988294
ONU7135,0.9996961
ONU7143,0.9551632
ONU7161,0.63211125
ONU7167,0.98186874
ONU7168,0.9997944
ONU7174,0.00062960916
ONU7180,0.010050771
ONU7193,0.99989146
ONU7203,0.0008000186
ONU7227,0.19557899
ONU7253,0.014167257
ONU7260,0.053512067
ONU7275,0.0024876997
ONU7288,0.4649272
ONU7290,0.009707661
ONU7309,0.031353645
ONU7313,0.0008725659
ONU7357,0.08156804
ONU7363,0.98662585
ONU7400,0.0040955464
ONU7405,0.06572593
ONU7416,0.10523987
ONU7444,0.00081744883
ONU7455,0.96518856
ONU7480,0.00902104
ONU7505,0.9859908
ONU7532,0.9669616
ONU7565,0.15002358
ONU7577,0.0002451172
ONU7582,0.42062902
ONU7583,0.0029400326
ONU7592,0.06941787
ONU7606,0.88074756
ONU7610,0.10971007
ONU7618,7.2095114e-05
ONU7637,2.3108262e-06
ONU7639,2.6511438e-05
ONU7644,0.87273145
ONU7671,0.989616
ONU7681,0.49891648
ONU7687,0.011150264
ONU7692,0.9998829
ONU7712,0.00047916896
ONU7727,0.99819535
ONU7753,3.9022343e-05
ONU7769,0.0043564644
ONU7772,0.0015008728
ONU7780,0.0016051596
ONU7795,8.510902e-05
ONU7796,0.015115622
ONU7798,0.15748246
ONU7801,0.99998546
ONU7822,0.0014178212
ONU7837,0.99929756
ONU7845,0.0076344297
ONU7847,0.010700724
ONU7859,0.00013903673
ONU7878,0.0017828098
ONU7885,0.94368935
ONU7894,0.99999005
ONU7918,2.6284017e-05
ONU7931,0.004761888
ONU7951,0.069280334
ONU7954,0.0010434022
ONU7986,0.0031181453
ONU8004,0.011802551
ONU8006,0.9815557
ONU8015,0.0064847902
ONU8017,0.008091556
ONU8026,0.7071335
ONU8030,0.9695184
ONU8044,0.17005883
ONU8047,0.022964612
ONU8062,0.0007301054
ONU8070,0.012180162
ONU8086,0.00011397043
ONU8094,0.3752583
ONU8095,9.032465e-05
ONU8113,7.945822e-05
ONU8133,0.021575963
ONU8154,0.001978646
ONU8176,0.019576166
ONU8185,0.9970989
ONU8193,0.02108422
ONU8200,0.00024195167
ONU8213,0.00019269965
ONU8215,0.111609064
ONU8232,0.017899593
ONU8236,0.28670788
ONU8275,0.9921028
ONU8284,0.9998886
ONU8290,0.002421845
ONU8326,0.11483673
ONU8330,0.00017219466
ONU8345,0.0024473893
ONU8358,3.0962394e-05
ONU8408,0.96559983
ONU8418,0.057751417
ONU8422,0.010157836
ONU8450,0.99136084
ONU8458,0.99578834
ONU8476,0.014890004
ONU8478,0.0023622664
ONU8490,0.0025478492
ONU8494,0.16708422
ONU8496,0.010505556
ONU8499,0.14727579
ONU8545,0.3097413
ONU8561,0.2889248
ONU8581,0.93094045
ONU8598,0.0001314521
ONU8600,0.8367119
ONU8620,0.32087713
ONU8627,0.99990034
ONU8655,0.85951644
ONU8658,0.00020922003
ONU8697,0.002609724
ONU8716,0.0008455417
ONU8732,0.0048048208
ONU8754,0.0024067648
ONU8755,0.021506296
ONU8772,0.9999059
ONU8798,0.99897194
ONU8804,0.06295762
ONU8806,0.0020109366
ONU8844,0.37832355
ONU8857,0.8048377
ONU8866,0.2673295
ONU8874,0.0004416967
ONU8883,0.0015029841
ONU8886,0.9998622
ONU8893,0.99987
ONU8903,0.0009666649
ONU8916,0.9901976
ONU8945,0.0012257018
ONU8958,0.21173203
ONU8990,0.002868757
ONU8993,0.0027494382
ONU9004,0.00034274883
ONU9007,4.532597e-05
ONU9061,0.031078702
ONU9065,0.5790024
ONU9075,0.96716285
ONU9100,0.9962318
ONU9105,0.997602
ONU9165,0.19442467
ONU9168,0.015829487
ONU9175,0.016805101
ONU9176,0.9999175
ONU9188,0.9821581
ONU9202,0.010832707
ONU9215,0.09821912
ONU9216,0.10567436
ONU9279,0.0745398
ONU9289,0.018102495
ONU9320,0.011291918
ONU9343,6.0787777e-05
ONU9365,0.0072498512
ONU9409,0.0078086164
ONU9419,0.9931643
ONU9420,0.99970657
ONU9422,0.9993716
ONU9431,0.023305355
ONU9435,0.028461216
ONU9448,0.4912397
ONU9468,0.9985831
ONU9474,0.022823801
ONU9489,0.029617198
ONU9492,0.61328197
ONU9531,0.23424907
ONU9538,0.0006782259
ONU9549,0.9996559
ONU9563,0.02038717
ONU9592,0.0010797387
ONU9597,0.83766764
ONU9601,0.99992675
ONU9630,0.99620086
ONU9676,0.001891008
ONU9679,0.0002722295
ONU9710,0.006107286
ONU9727,6.786435e-05
ONU9740,0.47884706
ONU9741,0.0006259633
ONU9758,0.0063764486
ONU9783,0.9949891
ONU9784,0.95717067
ONU9790,0.0032960696
ONU9802,0.9991793
ONU9862,0.33250034
ONU9863,4.842311e-07
ONU9875,0.9874456
ONU9880,0.9977169
ONU9893,0.00459234
ONU9901,0.00026777567
ONU9923,3.1527747e-05
ONU9924,0.018571356
ONU9944,0.0065711476
ONU9964,0.094347656
ONU9966,7.007971e-05
ONU10007,0.9960022
ONU10009,0.00011947408
ONU10020,0.20618731
ONU10026,0.0055282204
ONU10027,0.000119126016
ONU10034,0.00030052275
ONU10049,0.002622445
ONU10073,0.99986976
ONU10075,0.00014105497
ONU10079,0.001315564
ONU10080,0.0092384275
ONU10084,0.16196162
ONU10099,0.00041393016
ONU10132,0.030192448
ONU10140,0.00076981605
ONU10146,0.0011514601
ONU10149,0.997618
ONU10163,0.0012564248
ONU10171,0.009757083
ONU10177,7.1043983e-06
ONU10180,0.6275286
ONU10200,0.99951774
ONU10204,0.0132619785
ONU10214,4.707399e-05
ONU10240,0.00017818285
ONU10250,0.9984103
ONU10252,0.96470994
ONU10288,0.019684652
ONU10289,0.9989622
ONU10335,0.0011692407
ONU10393,0.0031505811
ONU10405,0.0008521364
ONU10427,0.006198524
ONU10452,0.010186839
ONU10466,0.3577772
ONU10483,0.0017846016
ONU10485,0.011571504
ONU10504,0.0003433785
ONU10505,0.007487731
ONU10509,0.029976249
ONU10532,0.9990263
ONU10542,0.99981004
ONU10553,0.03537683
ONU10555,0.043581065
ONU10579,0.00017666921
ONU10598,0.0040718196
ONU10601,0.009353279
ONU10624,0.005648446
ONU10627,0.00071867445
ONU10634,0.025741845
ONU10642,0.01076664
ONU10645,0.079793744
ONU10657,0.0028478422
ONU10664,0.000269497
ONU10691,0.99891204
ONU10703,0.0016630241
ONU10707,0.0015336378
ONU10772,0.5092203
ONU10797,0.0021493875
ONU10813,0.94049263
ONU10835,0.9860727
ONU10871,0.13639538
ONU10905,0.0028350048
ONU10907,0.00066582323
ONU10934,0.0011713078
ONU10947,0.99990845
ONU10954,0.9956897
ONU10957,0.12931915
ONU10960,0.99868435
ONU10973,0.0032547496
ONU10974,0.95035315
ONU10980,0.9999245
ONU11000,0.00047950714
ONU11010,0.97952557
ONU11011,0.004537318
ONU11021,0.016064947
ONU11023,0.032199655
ONU11033,0.20684455
ONU11039,0.058850646
ONU11042,0.99785167
ONU11053,0.006879511
ONU11064,0.0006804986
ONU11069,1.3176342e-05
ONU11127,0.09473962
ONU11129,0.3775753
ONU11162,0.12742688
ONU11180,0.00018929283
ONU11191,0.99945647
ONU11199,9.182619e-05
ONU11203,0.0016074363
ONU11217,0.93131274
ONU11226,1.8262857e-05
ONU11246,0.014009601
ONU11250,0.0033741097
ONU11257,0.1504486
ONU11264,0.95492816
ONU11268,0.0007312235
ONU11279,0.0007153572
ONU11280,0.0020692267
ONU11304,0.0004091504
ONU11305,0.12655357
ONU11339,0.16597873
ONU11371,0.17202775
ONU11375,2.736206e-05
ONU11388,0.0054036374
ONU11396,0.004710997
ONU11442,0.06595162
ONU11451,0.9999409
ONU11465,1.0181135e-05
ONU11480,0.0041055377
ONU11490,0.59376913
ONU11498,0.19865453
ONU11502,0.017330624
ONU11511,0.002493486
ONU11522,0.001359107
ONU11528,0.9997315
ONU11529,0.6849971
ONU11537,0.00060281885
ONU11549,0.103269
ONU11558,0.99077255
ONU11566,0.0050935224
ONU11568,0.0002538622
ONU11569,0.0009790574
ONU11570,0.9997916
ONU11601,0.08199834
ONU11609,0.9909501
ONU11626,0.3017571
ONU11651,0.00021810316
ONU11658,0.0008976921
ONU11684,0.032310393
ONU11688,0.020218704
ONU11701,0.019713232
ONU11702,5.3844615e-05
ONU11705,5.416306e-05
ONU11709,0.0020929754
ONU11733,0.99920774
ONU11736,0.0025834308
ONU11738,0.9982435
ONU11801,0.0045964993
ONU11805,0.9997367
ONU11812,0.9998618
ONU11825,0.0019143446
ONU11839,0.11034266
ONU11855,0.00020463033
ONU11877,0.20988528
ONU11886,0.0007804234
ONU11891,0.2906406
ONU11904,0.99938583
ONU11907,0.0027179017
ONU11914,0.0025162483
ONU11940,0.02210618
ONU11941,0.9984203
ONU11952,0.0005183281
ONU11953,0.995827
ONU11958,0.057477336
ONU11964,0.99987525
ONU11995,0.9998679
ONU12010,0.015143962
ONU12018,0.0022835846
ONU12038,0.9993229
ONU12044,0.9928617
ONU12057,0.25792232
ONU12062,0.8464349
ONU12074,0.0008554042
ONU12085,0.95629644
ONU12090,0.01313411
ONU12097,0.11296815
ONU12101,0.0046772393
ONU12121,0.010462788
ONU12139,0.9966026
ONU12161,0.9998606
ONU12163,0.99224013
ONU12170,0.008449969
ONU12172,0.99708104
ONU12186,0.016343998
ONU12222,0.01591501
ONU12229,0.0063717826
ONU12249,0.06603118
ONU12254,0.09884491
ONU12260,0.056970287
ONU12272,0.999914
ONU12292,0.0033373607
ONU12305,0.0041484763
ONU12307,0.17129898
ONU12318,0.8879692
ONU12330,0.7333476
ONU12343,0.33112064
ONU12375,0.97588235
ONU12424,0.9537647
ONU12426,0.022550985
ONU12439,0.9896984
ONU12458,8.59621e-05
ONU12468,0.010917973
ONU12477,0.00027720147
ONU12478,0.01088458
ONU12479,0.037295073
ONU12487,0.010000792
ONU12491,0.013479665
ONU12497,0.029841645
ONU12502,0.013658184
ONU12527,0.99993324
ONU12546,0.9998393
ONU12547,0.001993307
ONU12569,0.9831826
ONU12571,0.998437
ONU12583,1.8827045e-06
ONU12590,0.01796435
ONU12616,0.0070105786
ONU12716,0.99947524
ONU12739,0.029958049
ONU12755,0.00078833336
ONU12757,0.0008684622
ONU12785,0.0025645674
ONU12786,0.0334003
ONU12790,0.00015952346
ONU12807,0.0047270083
ONU12816,0.9935691
ONU12841,0.002405137
ONU12845,0.9993622
ONU12847,0.00016129088
ONU12884,0.004907017
ONU12894,0.0017069943
ONU12928,0.013211202
ONU12956,0.096834004
ONU12989,0.032309268
ONU12990,0.03598118
ONU13026,0.90972966
ONU13072,0.09235983
ONU13076,0.0164664
ONU13080,0.003959293
ONU13118,0.014231107
ONU13144,0.99131864
ONU13146,0.002415669
ONU13155,0.99968356
ONU13162,0.15922613
ONU13176,0.0047913003
ONU13180,0.03060812
ONU13193,0.2955725
ONU13246,0.14417066
ONU13251,0.0595443
ONU13265,0.9611323
ONU13271,0.0013870671
ONU13286,0.34483823
ONU13293,0.99990845
ONU13304,0.0019197679
ONU13342,0.9511304
ONU13349,0.9992704
ONU13359,0.00072730286
ONU13379,0.27736256
ONU13391,0.06830581
ONU13400,0.0058079995
ONU13409,0.00067809486
ONU13422,0.00085244206
ONU13436,0.002015758
ONU13454,0.082503
ONU13476,0.00026347628
ONU13494,0.9999402
ONU13501,0.48887715
ONU13531,0.99562335
ONU13539,0.36925125
ONU13541,0.9501198
ONU13579,0.013442699
ONU13585,0.5704537
ONU13587,0.9996384
ONU13597,0.99988866
ONU13614,0.12621236
ONU13619,0.5504641
ONU13625,0.0013311427
ONU13629,3.8296403e-05
ONU13633,0.0034087787
ONU13648,0.00016701715
ONU13706,0.00019999396
ONU13709,0.0076771732
ONU13717,0.9356119
ONU13722,0.0024939966
ONU13744,0.9986224
ONU13763,0.2371186
ONU13769,0.0010342164
ONU13780,0.9919966
ONU13789,0.99960107
ONU13790,0.70854187
ONU13791,0.1313932
ONU13849,0.02035265
ONU13879,0.0013727299
ONU13947,0.0011905186
ONU13954,0.9999125
ONU13963,0.0476672
ONU13993,0.99696875
ONU13994,0.0025163468
ONU14008,0.00091628084
ONU14014,0.003709039
ONU14076,0.99979717
ONU14080,0.016415909
ONU14081,0.99989486
ONU14089,0.9958356
ONU14097,0.0062936824
ONU14107,0.5747158
ONU14140,0.9999693
ONU14158,0.0022289786
ONU14161,0.008177233
ONU14178,0.065054424
ONU14215,0.85431594
ONU14228,0.9990671
ONU14230,0.0078324685
ONU14244,0.9868898
ONU14308,0.028638607
ONU14333,0.0003171918
ONU14341,0.0041961353
ONU14370,0.0066057225
ONU14400,0.00095370965
ONU14448,0.9997743
ONU14456,0.99957466
ONU14490,0.0068202876
ONU14495,0.819681
ONU14520,0.0042600967
ONU14522,0.000118316966
ONU14542,0.366531
ONU14545,0.0033945336
ONU14587,1.479319e-06
ONU14599,0.009693995
ONU14606,0.021584973
ONU14612,0.0005076788
ONU14635,0.0048579597
ONU14701,0.6443223
ONU14703,0.114632435
ONU14741,0.0020902103
ONU14748,0.015379545
ONU14779,0.9932352
ONU14793,0.00024644868
ONU14819,0.07491099
ONU14844,3.4524143e-07
ONU14852,0.73525906
ONU14860,0.045747075
ONU14875,0.0011481643
ONU15000,0.0024475807
ONU15021,0.9997387
ONU15033,0.9988801
ONU15042,0.6074519
ONU15043,0.019493753
ONU15056,0.00037460533
ONU15101,0.9997576
ONU15102,0.99973756
ONU15109,0.2973097
ONU15127,0.0017757216
ONU15133,0.13553818
ONU15136,0.93290395
ONU15166,0.0037480034
ONU15167,0.0052957167
ONU15209,0.00038870494
ONU15227,0.9986205
ONU15229,0.7997303
ONU15258,0.99988717
ONU15264,0.0015931563
ONU15284,2.8712382e-05
ONU15328,0.0030963651
ONU15352,0.32442436
ONU15378,0.008412946
ONU15394,0.00057900575
ONU15396,0.11227781
ONU15441,0.19013624
ONU15467,0.050352696
ONU15473,0.00051096303
ONU15527,0.0020068553
ONU15530,0.02234451
ONU15536,0.066713415
ONU15548,0.035064954
ONU15554,0.9975006
ONU15560,0.0039077434
ONU15561,0.9998881
ONU15566,0.9995622
ONU15576,0.20594864
ONU15597,0.03082298
ONU15600,0.04101984
ONU15610,0.9875514
ONU15616,0.8598814
ONU15626,0.00094679854
ONU15679,0.0006098399
ONU15700,0.1957707
ONU15734,0.001731787
ONU15754,0.04365762
ONU15775,0.0068180603
ONU15783,0.14330427
ONU15833,6.1721435e-06
ONU15856,0.0025580842
ONU15870,0.005594227
ONU15895,8.071881e-05
ONU15901,4.4689263e-05
ONU15929,0.010031228
ONU15958,0.0005516717
ONU16007,0.16077144
ONU16042,9.5853036e-05
ONU16056,0.078389324
ONU16062,0.0006231342
ONU16066,0.00013811307
ONU16068,0.008013933
ONU16083,0.009346085
ONU16098,0.0010496035
ONU16136,0.022642374
ONU16139,0.0025823594
ONU16167,0.9404281
ONU16175,0.003971847
ONU16203,0.9999676
ONU16211,0.016171848
ONU16259,0.9686973
ONU16267,0.91471744
ONU16278,0.15928985
ONU16283,0.9831474
ONU16296,0.00038627593
ONU16300,0.44394612
ONU16306,0.34973454
ONU16311,0.00024243158
ONU16330,0.99988204
ONU16339,0.95589423
ONU16344,0.0056692194
ONU16355,0.9981341
ONU16368,0.6810253
ONU16397,0.00022725771
ONU16403,0.99680185
ONU16431,0.037463803
ONU16442,0.9934762
ONU16444,0.02796035
ONU16453,0.9944746
ONU16460,0.022384113
ONU16508,0.020407453
ONU16558,0.012721158
ONU16586,0.99998355
ONU16588,0.0028791504
ONU16589,0.261836
ONU16593,0.99988365
ONU16596,0.009631931
ONU16597,0.9998498
ONU16599,0.025595969
ONU16638,0.6758833
ONU16641,0.999854
ONU16642,0.8388634
ONU16681,0.0001314654
ONU16687,0.01435313
ONU16712,0.9995319
ONU16725,6.829721e-05
ONU16727,0.828963
ONU16730,0.9998326
ONU16773,0.033506464
ONU16775,0.98631936
ONU16787,0.0015221316
ONU16803,0.0043258653
ONU16848,0.9999226
ONU16858,0.024016177
ONU16864,0.36692563
ONU16866,0.025622418
ONU16871,0.0016937683
ONU16907,0.021397337
ONU16917,0.999677
ONU16922,0.9956653
ONU16931,0.61449367
ONU16934,0.0008473986
ONU16999,0.99869347
ONU17003,0.999981
ONU17049,0.0019481581
ONU17050,0.99549836
ONU17051,0.9994693
ONU17052,0.017735342
ONU17062,0.073669486
ONU17064,0.987395
ONU17070,0.10974123
ONU17089,0.5486393
ONU17104,0.39421535
ONU17111,6.471418e-05
ONU17121,0.9974961
ONU17166,0.011454967
ONU17174,0.0023000666
ONU17219,0.0021428803
ONU17247,0.4704354
ONU17257,0.11080139
ONU17268,0.0038481255
ONU17277,0.99987584
ONU17304,0.00023345863
ONU17338,0.007362932
ONU17349,0.0008487531
ONU17354,0.056233644
ONU17361,0.3261626
ONU17391,0.998658
ONU17410,0.99978036
ONU17417,0.74733585
ONU17422,0.058850527
ONU17447,0.045252234
ONU17449,0.9971881
ONU17451,0.89388674
ONU17455,0.9954421
ONU17513,0.019669157
ONU17541,0.9983067
ONU17543,0.9997397
ONU17552,0.021350538
ONU17563,0.9914663
ONU17591,0.0003342659
ONU17598,0.99882627
ONU17601,0.99773496
ONU17674,0.0020144947
ONU17678,0.029436154
ONU17689,0.15264697
ONU17759,0.005554414
ONU17764,0.9985378
ONU17778,0.9285207
ONU17800,0.9971135
ONU17809,0.99978834
ONU17826,0.9942245
ONU17872,0.073034056
ONU17887,0.0011563983
ONU17891,0.003688249
ONU17921,0.997166
ONU17964,0.9995906
ONU18022,0.99729395
ONU18032,7.4739895e-05
ONU18079,0.0020328092
ONU18088,0.0040480974
ONU18146,0.0026101107
ONU18154,0.0049692704
ONU18172,0.9998862
ONU18192,0.26330513
ONU18208,0.98783606
ONU18247,0.9551415
ONU18276,0.0005858114
ONU18282,0.00019773461
ONU18306,0.06791472
ONU18367,0.9998498
ONU18372,0.013610666
ONU18389,0.00885925
ONU18400,0.9999075
ONU18452,0.0019805038
ONU18460,0.0050689583
ONU18472,0.7279477
ONU18486,0.002549013
ONU18530,0.0003310719
ONU18533,0.97759
ONU18541,0.99984187
ONU18552,0.99500704
ONU18570,0.017398618
ONU18595,5.6800636e-05
ONU18600,0.023721857
ONU18632,0.9926209
ONU18643,0.05807105
ONU18661,0.010082168
ONU18665,0.47519362
ONU18710,0.26561895
ONU18714,0.9998203
ONU18747,0.0002892126
ONU18785,0.0053603966
ONU18819,0.9960254
ONU18826,0.9998761
ONU18831,0.102726854
ONU18846,0.9998693
ONU18847,0.9963756
ONU18852,0.9980883
ONU18871,0.00019585564
ONU18901,0.9981465
ONU18922,0.009794387
ONU18927,0.0011165038
ONU18933,0.048938725
ONU18936,0.0010638895
ONU18952,0.00088667084
ONU18959,0.061146814
ONU18969,0.0056911255
ONU18993,0.0065744743
ONU19002,0.0017585127
ONU19013,0.9460586
ONU19016,0.08969343
ONU19030,0.013707082
ONU19053,0.98337406
ONU19055,0.9724782
ONU19060,0.9994354
ONU19066,0.037698988
ONU19095,0.9998355
ONU19098,6.868656e-05
ONU19110,0.9997298
ONU19125,0.0016930305
ONU19132,0.96708184
ONU19140,0.00012092478
ONU19183,0.3397359
ONU19204,0.27014813
ONU19207,0.013046469
ONU19253,0.0003247727
ONU19256,0.038964096
ONU19279,0.0019096951
ONU19298,0.99864864
ONU19311,0.9992945
ONU19325,0.0003178711
ONU19353,0.015354604
ONU19362,0.9865673
ONU19372,0.0010540955
ONU19385,0.005250195
ONU19386,0.16833024
ONU19404,0.19688569
ONU19435,0.0010471401
ONU19436,0.19224118
ONU19444,0.00018136522
ONU19505,0.040802997
ONU19532,0.020846523
ONU19565,0.9854898
ONU19579,0.05690406
ONU19589,0.99992806
ONU19609,0.0014060185
ONU19649,0.9937919
ONU19658,0.015062536
ONU19665,0.00822029
ONU19667,6.179616e-07
ONU19671,0.17085262
ONU19673,0.0008604951
ONU19678,0.0014096579
ONU19687,5.784263e-05
ONU19713,0.95415384
ONU19734,0.933837
ONU19754,0.97780424
ONU19790,0.9947668
ONU19805,0.04551522
ONU19806,0.0035236788
ONU19821,3.5441713e-05
ONU19824,0.9123161
ONU19836,0.039533127
ONU19838,0.019199485
ONU19848,0.004032495
ONU19914,0.0052731964
ONU19926,0.94528556
ONU19953,0.0017230128
ONU19998,0.00022247544
ONU19999,0.75523823
ONU20013,0.35515484
ONU20028,0.0078059738
ONU20034,0.999705
ONU20035,0.01624993
ONU20065,0.00035449187
ONU20119,0.9585135
ONU20149,0.9998533
ONU20159,0.0009162877
ONU20193,0.00012997356
ONU20198,0.1399561
ONU20258,0.99817634
ONU20264,0.9999668
ONU20265,0.6638784
ONU20292,0.00041365763
ONU20293,0.99924225
ONU20330,0.9675806
ONU20360,0.17520578
ONU20364,0.00085651217
ONU20373,0.029120356
ONU20381,0.007838546
ONU20395,0.9998538
ONU20406,0.99988276
ONU20409,0.9858753
ONU20429,0.14123501
ONU20448,0.6755896
ONU20471,0.99970657
ONU20484,0.005751329
ONU20508,0.99921465
ONU20531,0.005174292
ONU20547,0.9137493
ONU20589,0.00033677122
ONU20604,0.0025862819
ONU20611,0.0003237128
ONU20615,0.9997155
ONU20630,0.99952984
ONU20633,0.0014189061
ONU20676,0.38097617
ONU20690,0.003926948
ONU20719,0.00023246836
ONU20724,0.009889442
ONU20737,0.21629858
ONU20740,0.005927726
ONU20840,0.0044466206
ONU20849,0.0012253373
ONU20916,0.87238175
ONU20924,0.09233039
ONU20951,0.7677327
ONU20980,0.00077133084
ONU20995,0.0008532418
ONU21032,0.1069895
ONU21056,0.95878917
ONU21058,0.0033538186
ONU21061,0.024524732
ONU21090,0.01954619
ONU21091,0.7237852
ONU21100,0.039569054
ONU21115,0.054381594
ONU21120,0.011362757
ONU21130,0.82386917
ONU21151,0.00010594449
ONU21187,0.9510301
ONU21206,0.24040334
ONU21208,0.2596997
ONU21211,0.9977975
ONU21246,0.005092742
ONU21250,0.16693272
ONU21251,0.001383869
ONU21283,0.08874609
ONU21293,0.0012502441
ONU21332,0.99970955
ONU21333,0.97183925
ONU21355,0.9074192
ONU21385,0.0876199
ONU21386,0.97487307
ONU21409,0.0015263088
ONU21423,0.28187957
ONU21465,0.38974094
ONU21469,0.46503553
ONU21525,0.14831628
ONU21530,0.12033545
ONU21559,0.99933976
ONU21571,0.0017504604
ONU21574,0.36087313
ONU21606,0.99776345
ONU21610,0.9675491
ONU21628,0.90706205
ONU21649,3.3271695e-05
ONU21707,8.176227e-05
ONU21724,0.9970687
ONU21733,0.99917954
ONU21740,0.00025132898
ONU21742,0.044666898
ONU21745,0.99980325
ONU21774,0.012980066
ONU21835,0.00015165065
ONU21891,1.9682264e-05
ONU21921,0.0010247913
ONU21943,0.99664205
ONU22006,0.00035392187
ONU22014,0.010430179
ONU22025,5.8669346e-05
ONU22085,0.0006157691
ONU22090,0.012520057
ONU22103,0.050298024
ONU22104,0.00057070964
ONU22138,0.63764536
ONU22144,7.0943665e-06
ONU22217,0.0007478346
ONU22234,0.033268634
ONU22263,0.0024429518
ONU22281,0.99973106
ONU22298,0.37807307
ONU22316,0.003139503
ONU22324,0.0012447935
ONU22337,0.01976565
ONU22428,0.12654756
ONU22431,0.00023936678
ONU22470,0.9027226
ONU22501,1.4407839e-05
ONU22513,0.9650286
ONU22525,0.07209825
ONU22530,0.026603391
ONU22583,0.41212904
ONU22625,0.12592788
ONU22647,0.9439803
ONU22678,0.99916285
ONU22683,0.008067075
ONU22689,0.00010181262
ONU22694,0.0011895291
ONU22743,0.0015574266
ONU22767,0.9999144
ONU22813,0.00044635427
ONU22827,0.9909236
ONU22832,0.99991417
ONU22866,0.0030377079
ONU22869,0.0010482696
ONU22876,0.011784188
ONU22904,0.9464
ONU22907,0.037624225
ONU22915,0.4434143
ONU22957,0.9926748
ONU22988,9.6413714e-05
ONU22995,0.111202024
ONU23006,0.39879522
ONU23014,0.999846
ONU23024,0.05459566
ONU23052,0.9995808
ONU23082,0.9984441
ONU23086,0.959553
ONU23135,0.00055928755
ONU23138,0.99804115
ONU23171,0.8728698
ONU23219,0.0002719364
ONU23293,0.99988794
ONU23329,0.996958
ONU23350,0.0019112799
ONU23359,5.0225834e-05
ONU23362,0.13879104
ONU23442,0.016519563
ONU23469,0.0005522113
ONU23477,0.46572638
ONU23480,0.0039417194
ONU23547,0.22796905
ONU23559,0.9938417
ONU23562,0.16900595
ONU23580,0.023111932
ONU23595,0.55606437
ONU23617,0.96778345
ONU23623,0.10662264
ONU23627,0.034978613
ONU23719,0.020622037
ONU23725,0.99989057
ONU23740,0.99970436
ONU23744,0.79977226
ONU23761,0.008886165
ONU23762,0.99747086
ONU23764,0.007119424
ONU23789,0.94137263
ONU23815,0.009186587
ONU23834,0.999939
ONU23843,0.0020077953
ONU23865,0.0010508917
ONU23870,0.016768565
ONU23906,0.8572137
ONU23944,0.9150688
ONU23956,0.9950356
ONU24014,0.97783774
ONU24066,0.000117944255
ONU24100,0.0034121377
ONU24133,0.19182096
ONU24134,0.999485
ONU24170,0.9944513
ONU24188,0.98881894
ONU24233,0.00012724577
ONU24304,0.005224059
ONU24327,0.0048749736
ONU24335,0.0021309156
ONU24345,0.0005729573
ONU24352,0.9995772
ONU24367,0.1373681
ONU24380,0.02495817
ONU24448,0.007463591
ONU24460,8.7411005e-05
ONU24507,0.1649109
ONU24513,0.000699807
ONU24560,0.010119316
ONU24584,0.48475638
ONU24735,0.0041747596
ONU24736,0.9996702
ONU24737,0.005118963
ONU24744,0.00033628845
ONU24754,0.9828162
ONU24755,0.055151463
ONU24758,0.010159787
ONU24778,0.0009640555
ONU24842,0.00950383
ONU24876,0.9999566
ONU24907,0.021980226
ONU24924,4.4230164e-05
ONU24958,0.00018826226
ONU25090,0.00035120806
ONU25092,0.0042490773
ONU25093,0.00043044184
ONU25185,0.041602697
ONU25187,0.007910962
ONU25198,0.99759775
ONU25253,0.0007098701
ONU25259,0.99939376
ONU25292,0.9005224
ONU25332,0.010674685
ONU25348,0.09305551
ONU25446,0.69033235
ONU25460,0.001826804
ONU25514,0.06785888
ONU25554,0.10604497
ONU25574,3.1277574e-05
ONU25604,0.409966
ONU25616,0.9923449
ONU25681,0.011572818
ONU25730,0.9946592
ONU25748,0.0010033277
ONU25789,0.064334996
ONU25790,0.025698707
ONU25877,0.00022192417
ONU25890,0.0005225671
ONU25930,6.048188e-05
ONU25959,0.0038738141
ONU25976,8.5479965e-05
ONU26000,0.0064374716
ONU26023,0.93064505
ONU26025,0.004407593
ONU26047,0.0005432571
ONU26067,0.00012524729
ONU26076,0.0045059547
ONU26084,0.9659214
ONU26092,0.6728708
ONU26094,0.99948806
ONU26097,0.9996309
ONU26113,0.99975604
ONU26120,0.009323845
ONU26155,0.0020658395
ONU26164,0.123179615
ONU26171,0.17074108
ONU26235,0.9982411
ONU26268,0.58176374
ONU26277,0.99974775
ONU26279,0.014029653
ONU26293,0.0004814328
ONU26300,0.99988985
ONU26351,0.0021645424
ONU26367,0.0071225143
ONU26384,7.76285e-05
ONU26392,0.042580176
ONU26541,0.070583716
ONU26544,0.008902137
ONU26568,0.0017177764
ONU26627,0.0016602833
ONU26633,0.9998279
ONU26636,0.98043185
ONU26741,0.0074740252
ONU26757,0.0041155
ONU26767,0.9718461
ONU26769,0.9534361
ONU26779,0.6037743
ONU26835,0.98811823
ONU26865,0.046890914
ONU26918,0.020243773
ONU26934,0.005084215
ONU26936,0.009773343
ONU26966,0.012218042
ONU27054,0.9996483
ONU27073,0.99990577
ONU27074,0.004646921
ONU27114,0.00057430443
ONU27128,0.00026817303
ONU27204,0.0005351965
ONU27213,0.9999483
ONU27215,0.0039310395
ONU27238,0.029982561
ONU27254,0.0027211553
ONU27264,0.0006865778
ONU27268,0.12228792
ONU27277,0.006477252
ONU27291,0.9977498
ONU27349,0.99991965
ONU27401,0.006502856
ONU27444,0.9857755
ONU27449,0.22038315
ONU27458,0.09867228
ONU27462,0.65044457
ONU27465,0.007802719
ONU27477,0.99995095
ONU27496,8.942323e-05
ONU27523,0.999887
ONU27530,0.9980032
ONU27537,0.009521267
ONU27590,9.0164736e-05
ONU27632,0.9993096
ONU27643,0.00037342394
ONU27695,0.086601734
ONU27720,0.8109066
ONU27790,0.00031443234
ONU27810,0.0024829654
ONU27824,0.9735308
ONU27854,8.70157e-05
ONU27875,0.07412147
ONU27887,0.0011668458
ONU27894,0.005715668
ONU27923,0.8996257
ONU28001,0.00039957624
ONU28031,8.790213e-06
ONU28058,0.0019213128
ONU28112,0.89640903
ONU28134,0.013417468
ONU28169,0.32756513
ONU28171,0.25743982
ONU28192,0.99993706
ONU28202,0.00047034782
ONU28271,0.049694553
ONU28272,0.0019281269
ONU28274,0.14216328
ONU28328,0.0019456138
ONU28360,0.96089727
ONU28398,0.024256995
ONU28418,0.0049333945
ONU28494,0.0004897272
ONU28501,0.00022810996
ONU28511,0.0026751196
ONU28525,0.99750036
ONU28579,0.004999515
ONU28595,0.9993649
ONU28631,0.00024660645
ONU28637,0.00075990683
ONU28649,0.00034564803
ONU28700,0.9986863
ONU28702,0.9999421
ONU28708,0.064629234
ONU28712,0.7803255
ONU28757,0.01329717
ONU28791,0.9992083
ONU28799,0.117853664
ONU28816,0.003941222
ONU28869,0.22033775
ONU28958,0.0026540973
ONU28961,0.015031278
ONU28997,0.99695235
ONU29031,0.8355929
ONU29053,0.99990183
ONU29079,0.004675347
ONU29085,4.5125027e-05
ONU29097,0.12961127
ONU29142,0.0007202273
ONU29175,0.0016323831
ONU29196,0.999804
ONU29201,0.009924696
ONU29238,0.000525203
ONU29274,0.99989367
ONU29315,0.46054825
ONU29363,0.0025818183
ONU29364,0.23947956
ONU29400,0.009341285
ONU29403,0.998518
ONU29425,0.1447706
ONU29431,0.0069101085
ONU29536,0.97522044
ONU29571,0.0043478096
ONU29648,0.0027544599
ONU29679,0.00010073864
ONU29688,0.015856793
ONU29709,0.13061588
ONU29726,0.0035913875
ONU29729,0.00056854385
ONU29797,0.00087439787
ONU29815,0.0005132378
ONU29892,0.9993858
ONU29950,0.50486445
ONU30023,0.00012870792
ONU30027,7.2584706e-05
ONU30084,0.99945194
ONU30111,8.4069936e-05
ONU30160,4.5840978e-05
ONU30190,0.00030274194
ONU30222,0.2809622
ONU30233,0.7829464
ONU30244,0.0041073174
ONU30321,0.9999916
ONU30346,0.00078398874
ONU30357,0.99988174
ONU30412,0.9671511
ONU30458,0.01220094
ONU30464,0.5229321
ONU30486,0.005665207
ONU30528,0.98534346
ONU30536,0.99851114
ONU30543,0.00042032186
ONU30573,3.582006e-05
ONU30618,0.102119535
ONU30684,0.018694866
ONU30693,0.0054954216
ONU30745,0.1088971
ONU30751,0.9999611
ONU30762,0.9636142
ONU30765,0.9999547
ONU30831,0.9191353
ONU30898,0.048494834
ONU30901,0.00081827823
ONU30930,0.0008568433
ONU30937,0.003868074
ONU30940,0.00044692567
ONU30976,0.9853482
ONU31005,0.018058991
ONU31113,0.9997697
ONU31240,0.028596206
ONU31241,0.10806564
ONU31253,0.0010220248
ONU31278,0.083377995
ONU31298,0.9953742
ONU31305,0.04313377
ONU31307,0.99150974
ONU31318,0.118889384
ONU31324,0.8199385
ONU31415,0.0004886471
ONU31419,0.9987355
ONU31444,0.99968547
ONU31479,0.99651766
ONU31507,0.9998233
ONU31795,0.00030029347
ONU31802,0.9157787
ONU31821,0.37517652
ONU31835,1.2649359e-05
ONU31898,0.11265234
ONU31910,0.0004494503
ONU31918,0.99845535
ONU31929,0.15259886
ONU32045,0.9998781
ONU32060,0.9915789
ONU32115,0.006739743
ONU32198,0.00084200635
ONU32204,0.016657135
ONU32219,0.0040699285
ONU32239,0.99630326
ONU32278,0.019463707
ONU32333,0.62666506
ONU32350,0.002162937
ONU32428,0.00014547496
ONU32463,0.99840516
ONU32479,0.0016467109
ONU32510,6.72861e-07
ONU32521,0.13884117
ONU32580,0.99896544
ONU32597,0.0048092064
ONU32677,0.74989706
ONU32693,0.00040186182
ONU32733,0.9999466
ONU32771,0.37511715
ONU32881,0.99900484
ONU32900,0.2378449
ONU32961,0.88474584
ONU32996,0.91817546
ONU33037,0.01811112
ONU33069,0.05946814
ONU33112,0.9997144
ONU33126,0.063091345
ONU33150,0.0019383389
ONU33175,0.00029355407
ONU33239,0.0010437028
ONU33251,0.39413914
ONU33284,0.047360074
ONU33296,0.0027656334
ONU33364,0.007220261
ONU33410,0.00087621954
ONU33430,0.10160919
ONU33497,0.11106831
ONU33530,0.030865915
ONU33610,0.9993429
ONU33634,0.9999266
ONU33651,0.9933669
ONU33669,0.006048199
ONU33704,0.9992287
ONU33739,0.9639395
ONU33788,0.016157798
ONU33904,0.9981363
ONU33925,0.5464999
ONU33937,0.9994603
ONU33945,0.0010293941
ONU33951,0.9999475
ONU33962,0.9997534
ONU33977,0.0078781005
ONU33998,0.95005584
ONU34077,0.98331213
ONU34248,0.000982568
ONU34254,5.140102e-05
ONU34286,0.9821291
ONU34312,0.0006482952
ONU34322,0.9999113
ONU34360,0.0012992832
ONU34376,0.0017008887
ONU34380,0.1561518
ONU34410,0.90124655
ONU34438,0.80874175
ONU34488,0.0036921622
ONU34504,0.122160316
ONU34533,0.9262409
ONU34545,0.0039444813
ONU34575,0.05875193
ONU34581,0.008270594
ONU34621,0.11758534
ONU34623,0.55048525
ONU34678,0.5156511
ONU34710,0.0009680384
ONU34761,0.8135617
ONU34781,0.8853777
ONU34813,0.06526142
ONU34830,0.0038871597
ONU34867,0.9998358
ONU34881,0.029311737
ONU34887,0.0020565835
ONU34994,0.003141351
ONU35006,0.0037163503
ONU35012,0.15498132
ONU35070,6.131251e-05
ONU35075,0.9998695
ONU35116,0.0010790539
ONU35128,0.066972576
ONU35191,0.0018479028
ONU35306,0.94022083
ONU35368,0.0018825154
ONU35380,0.00012432809
ONU35432,0.17216887
ONU35467,0.008987092
ONU35497,0.9999171
ONU35578,0.9999792
ONU35639,0.030345434
ONU35651,2.3903462e-05
ONU35723,0.9999242
ONU35730,5.900534e-05
ONU35734,0.9999304
ONU35747,0.00017814344
ONU35771,0.78203195
ONU35825,0.007667882
ONU35845,0.00074270094
ONU35856,0.99992794
ONU35863,0.9907778
ONU35924,0.99881786
ONU35927,0.9997919
ONU35952,0.0022008454
ONU35955,0.29496726
ONU35975,0.017717402
ONU36007,0.75925905
ONU36042,0.9987208
ONU36044,0.0023220726
ONU36056,0.08601829
ONU36131,0.057299655
ONU36148,0.9999843
ONU36188,0.9512655
ONU36194,0.99847203
ONU36197,0.00040143053
ONU36204,0.12261895
ONU36205,0.84352845
ONU36216,0.9998575
ONU36221,0.17517382
ONU36264,0.99667364
ONU36268,0.93781406
ONU36316,0.9999256
ONU36318,0.006507626
ONU36330,0.023839407
ONU36336,0.016065072
ONU36343,0.9996448
ONU36387,0.9989825
ONU36400,0.012338583
ONU36488,6.7015215e-05
ONU36498,0.006682847
ONU36506,0.033393335
ONU36514,0.022102518
ONU36528,0.9871895
ONU36574,0.00062206393
ONU36679,0.0065857824
ONU36726,0.1952769
ONU36764,0.69601774
ONU36827,0.07101125
ONU36853,5.5141132e-05
ONU36858,0.012182832
ONU36866,0.9954893
ONU36935,0.000107670036
ONU37013,0.0027086076
ONU37040,0.67016006
ONU37103,1.8744262e-05
ONU37127,0.0033865024
ONU37134,0.009811065
ONU37140,0.9998271
ONU37231,0.00026712785
ONU37246,0.30485097
ONU37315,2.4713307e-05
ONU37344,0.010918003
ONU37415,0.97784066
ONU37422,0.9790482
ONU37523,0.00020571625
ONU37534,0.46690926
ONU37537,0.28492293
ONU37647,0.9987293
ONU37648,0.99849415
ONU37658,0.018549485
ONU37661,0.0026796644
ONU37683,0.9756929
ONU37724,0.9942065
ONU37739,0.996011
ONU37757,0.16403982
ONU37769,0.27423093
ONU37887,0.00013280609
ONU37904,0.99841404
ONU37935,0.9120651
ONU37954,0.00060720084
ONU37972,0.0024083306
ONU37978,0.42790103
ONU38030,0.06091721
ONU38046,0.9998172
ONU38048,0.99987364
ONU38114,0.011939359
ONU38116,0.6706717
ONU38144,0.99980253
ONU38184,0.9998433
ONU38210,0.012479805
ONU38259,2.7791715e-05
ONU38282,0.0011860334
ONU38319,0.0046916557
ONU38325,0.19730546
ONU38377,0.0034007847
ONU38443,0.9998959
ONU38534,0.0028452205
ONU38591,0.9994986
ONU38721,0.983754
ONU38749,0.00053389225
ONU38761,0.0008723361
ONU38820,0.9996331
ONU38846,5.9897622e-05
ONU38889,0.9787178
ONU38969,0.9992006
ONU39030,0.999582
ONU39074,0.0036099658
ONU39147,4.26958e-09
ONU39166,0.0058376207
ONU39181,0.0019257176
ONU39260,0.0015923775
ONU39277,2.9373166e-05
ONU39284,0.9821021
ONU39299,0.9743921
ONU39329,0.009976766
ONU39377,0.20552115
ONU39400,0.20988055
ONU39499,0.011147998
ONU39514,0.9967796
ONU39628,0.015256573
ONU39687,0.029439792
ONU39708,0.9994869
ONU39779,0.06142664
ONU39842,0.9576276
ONU39900,0.35507217
ONU39911,0.0026559315
ONU39930,0.018296253
ONU40027,0.00039183666
ONU40125,0.56529945
ONU40148,0.118623264
ONU40189,0.004905569
ONU40269,0.99920756
ONU40348,0.00010176356
ONU40397,0.05312093
ONU40417,0.9998128
ONU40435,2.4557054e-05
ONU40548,0.062289204
ONU40640,0.02100294
ONU40781,0.99041635
ONU40794,0.69797164
ONU40913,0.00072553713
ONU41045,0.9999409
ONU41086,0.97636026
ONU41093,0.0017329995
ONU41095,0.0019289438
ONU41132,0.99918556
ONU41134,0.0013190099
ONU41151,0.012561861
ONU41181,0.00011276029
ONU41189,0.010106571
ONU41218,0.99390405
ONU41401,0.0025772278
ONU41534,0.99960613
ONU41553,0.86537415
ONU41631,0.9998913
ONU41637,0.9991584
ONU41645,0.0010704958
ONU41680,0.017446065
ONU41741,0.0001972902
ONU41773,0.9989968
ONU41803,0.99997234
ONU41824,2.58573e-06
ONU41836,0.92408705
ONU41896,0.059857294
ONU41935,0.90791845
ONU42034,0.45066774
ONU42062,0.9808124
ONU42091,0.026360601
ONU42093,0.0032609191
ONU42105,0.16119306
ONU42122,0.02061369
ONU42167,0.9994621
ONU42227,0.9981877
ONU42238,0.022375355
ONU42254,0.061753552
ONU42275,0.9560737
ONU42283,0.003766483
ONU42316,0.22601359
ONU42320,0.000329033
ONU42349,0.030318243
ONU42366,0.75806785
ONU42367,0.98011965
ONU42381,0.21322739
ONU42434,0.0024026681
ONU42444,0.999902
ONU42492,0.0022571275
ONU42530,0.00016494088
ONU42566,0.99893135
ONU42570,0.004076731
ONU42597,0.0062089427
ONU42839,0.006413722
ONU42875,0.9720729
ONU42914,0.0019095335
ONU42915,0.99944
ONU42918,0.0017305239
ONU42997,0.08571929
ONU43053,0.016602049
ONU43073,0.79750437
ONU43133,0.72260666
ONU43199,0.9995928
ONU43216,0.053208206
ONU43443,0.0010491001
ONU43580,0.00053072476
ONU43675,0.0048416876
ONU43685,0.00015598699
ONU44023,0.98355776
ONU44038,0.29230347
ONU44081,0.577486
ONU44113,0.7592928
ONU44140,0.009029174
ONU44188,0.9980764
ONU44254,0.013028141
ONU44283,0.99994373
ONU44437,0.0066848304
ONU44654,0.30837417
ONU44713,0.99974006
ONU44760,0.9998327
ONU44763,0.9996894
ONU44825,0.04616125
ONU44826,0.9971309
ONU44855,0.11077785
ONU44864,0.08890619
ONU44977,0.99966794
ONU44985,0.001891079
ONU45015,0.8731358
ONU45063,0.9102605
ONU45082,0.0005558378
ONU45120,0.91903585
ONU45127,0.9997403
ONU45219,0.0031338055
ONU45291,0.997606
ONU45346,0.4742619
ONU45365,0.90892345
ONU45385,0.007528698
ONU45413,0.79548
ONU45425,0.0605823
ONU45561,0.23226114
ONU45623,0.99844146
ONU45629,0.9864812
ONU45636,0.00016389403
ONU45652,0.054751486
ONU45785,0.9997261
ONU45938,4.6367826e-05
ONU46010,0.9935937
ONU46035,0.00036244237
ONU46069,0.003632146
ONU46077,0.012499191
ONU46240,0.8910335
ONU46254,0.14401771
ONU46393,0.025746763
ONU46397,0.9890693
ONU46680,0.0026755726
ONU46713,0.0023494067
ONU46775,0.002642465
ONU46782,4.4923057e-05
ONU46829,0.004832928
ONU46882,0.019588172
ONU46968,0.08477539
ONU47000,0.01403442
ONU47085,0.011854976
ONU47136,0.01186538
ONU47137,0.010366879
ONU47142,0.99988127
ONU47156,0.013484123
ONU47229,0.00026382378
ONU47255,0.030263731
ONU47441,0.0022932168
ONU47493,0.9980097
ONU47546,6.216308e-05
ONU47643,0.00044670413
ONU47759,0.048081506
ONU47813,0.27629083
ONU47839,0.38149008
ONU47843,0.021223916
ONU47909,0.9558417
ONU47927,0.0002255622
ONU47969,0.004888565
ONU48088,0.9998544
ONU48255,0.9059406
ONU48269,0.060601283
ONU48330,0.0005431299
ONU48335,0.0008977957
ONU48355,8.2918756e-05
ONU48366,5.9773924e-07
ONU48392,0.007492894
ONU48396,0.00014997633
ONU48455,0.030163674
ONU48485,1.3183202e-05
ONU48610,0.12453532
ONU48783,0.9996145
ONU48814,0.9197107
ONU48841,0.99943525
ONU48978,0.077238664
ONU49000,0.0009012089
ONU49024,1.2258214e-05
ONU49105,0.0016225592
ONU49132,0.0010135663
ONU49216,0.00037694466
ONU49242,0.0014957208
ONU49458,0.9519746
ONU49520,0.48638937
ONU49545,0.99990183
ONU49599,0.11244946
ONU49611,0.036696162
ONU49629,0.9998701
ONU49680,0.025192643
ONU49737,0.014411462
ONU49783,0.50777894
ONU49795,0.50456065
ONU49809,0.0015786638
ONU49849,0.5524272
ONU49922,0.98057467
ONU49923,0.0009766178
ONU50216,0.0025814536
ONU50228,0.0017095559
ONU50365,0.025932958
ONU50390,0.003894358
ONU50529,0.99803734
ONU50575,0.04692975
ONU50655,0.9998897
ONU50775,0.00033095258
ONU50841,0.090658106
ONU50979,9.6628704e-05
ONU51038,0.005885363
ONU51045,0.001829889
ONU51051,0.99986744
ONU51053,0.99991494
ONU51133,0.9999369
ONU51150,0.9997248
ONU51156,0.99986964
ONU51252,0.005306916
ONU51299,0.9955697
ONU51413,0.00029539436
ONU51433,0.16040698
ONU51490,0.12428149
ONU51555,0.0038493976
ONU51584,0.9307988
ONU51645,0.9634967
ONU51761,0.9681389
ONU51860,4.671542e-05
ONU51874,0.5528859
ONU51876,0.0018882081
ONU51891,0.043745328
ONU51896,0.005687428
ONU51943,0.80842763
ONU51946,0.014102053
ONU51949,0.049502503
ONU51989,0.99989027
ONU52047,0.95632654
ONU52293,2.8951572e-06
ONU52457,0.9886999
ONU52506,0.0015870398
ONU52591,0.9875252
ONU52637,0.002037826
ONU52727,0.0020363496
ONU52926,0.35709825
ONU53023,0.001144918
ONU53052,3.5643036e-05
ONU53151,0.31810236
ONU53264,0.99990207
ONU53284,0.015742356
ONU53310,0.9993794
ONU53396,0.009197396
ONU53409,0.83815306
ONU53523,0.006424908
ONU53541,0.0016179048
ONU53866,0.1285686
ONU53977,0.0031995904
ONU54133,0.99961394
ONU54234,0.0024941845
ONU54337,0.0002961953
ONU54361,6.703535e-05
ONU54402,0.00725746
ONU54423,0.97626764
ONU54437,0.860388
ONU55057,0.02945491
ONU55484,0.0038098393
ONU55485,0.99304175
ONU55498,0.9847167
ONU55572,0.004711835
ONU56024,0.0085414415
ONU56028,0.999381
ONU56140,0.9999587
ONU56272,0.1396644
ONU56492,0.9991829
ONU56620,0.0035075909
ONU56746,0.0003055611
ONU56826,0.006561594
ONU56840,0.9112459
ONU56859,0.42672423
ONU56895,0.0014286608
ONU57062,0.9917653
ONU57358,0.0019404561
ONU57475,0.007097205
ONU57569,0.25755557
ONU57721,0.011778842
ONU57829,0.9525823
ONU57834,0.0009391163
ONU57889,0.99976
ONU57915,0.99991316
ONU57931,0.0009842569
ONU57933,3.577495e-06
ONU58037,0.00073325395
ONU58091,0.9984333
ONU58142,0.17581339
ONU58188,0.027091617
ONU58466,0.0028735811
ONU58507,0.00022493262
ONU58677,0.22042
ONU59018,0.0013285
ONU59207,1.4116432e-05
ONU59299,0.007076847
ONU59586,4.2774587e-05
ONU59704,0.002092816
ONU59878,0.80654335
ONU60118,0.0026695563
ONU60327,0.000737328
ONU60345,0.10833337
ONU60476,0.013864542
ONU60575,1.1687226e-06
ONU60667,0.9988006
ONU60673,0.9996827
ONU60771,0.97390157
ONU60849,0.007202989
ONU60876,0.99792963
ONU60994,0.017941644
ONU61138,0.0077214874
ONU61140,0.2048111
ONU61212,0.86694926
ONU61383,0.013036004
ONU61670,0.0008046829
ONU61727,0.99945927
ONU61972,0.000363973
ONU61979,0.0001816823
ONU62171,0.003629987
ONU62269,0.0012829186
ONU62462,0.0014990879
ONU62873,0.00052760215
ONU63133,0.79105
ONU63264,0.017109698
ONU63291,0.76657146
ONU63338,0.9991517
ONU63766,0.001091018
ONU63893,0.96608263
ONU63909,0.9976427
ONU63932,0.0056487303
ONU63953,0.0065827197
ONU64236,7.886692e-05
ONU64874,0.99130255
ONU65033,0.99986917
ONU65049,0.0005423937
ONU65139,0.0012915932
ONU65166,0.99991864
ONU65261,0.0027396714
ONU65302,0.0027549064
ONU65378,0.99989635
ONU65475,0.012811891
ONU65590,0.9757018
ONU65733,0.99557
ONU65966,0.00042898403
ONU66017,0.9926689
ONU66151,0.010050628
ONU66366,0.0127967
ONU66469,0.5665361
ONU66619,0.99983525
ONU66621,0.0038793895
ONU66797,0.007820577
ONU66822,0.9994819
ONU66929,0.90159583
ONU67027,0.0058211633
ONU67305,0.0005886716
ONU67572,0.00036010693
ONU67693,0.00023325942
ONU67872,0.0049805613
ONU68427,0.0011314537
ONU68671,0.016658828
ONU68802,0.99929434
ONU68930,0.14081274
ONU69425,0.013058244
ONU69823,0.8204784
ONU69993,0.005482407
ONU70524,0.0022896517
ONU70706,0.99901456
ONU70894,0.0003273322
ONU71489,0.00086860405
ONU71521,0.038354818
ONU71552,1.47416895e-05
ONU71611,0.99982804
ONU71744,0.0003123204
ONU71797,0.047348853
ONU71804,0.026270011
ONU71884,0.023172855
ONU72225,0.0053525106
ONU72268,0.9998748
ONU72679,0.0059763025
ONU72865,0.2977487
ONU72930,0.008609089
ONU73627,0.81288886
ONU73846,0.11586436
ONU73941,0.0068379883
ONU73974,0.017791381
ONU74459,0.940465
ONU75242,0.0057716276
ONU75641,0.0031110933
ONU75650,0.028984929
ONU75705,0.006164916
ONU76000,0.0051022205
ONU76251,0.08347654
ONU76265,0.7840951
ONU76563,0.7512252
ONU77253,1.5109471e-06
ONU77343,0.01611901
ONU77998,0.99615926
ONU78157,0.0035841593
ONU78310,0.011356972
ONU78350,0.00903524
ONU78756,0.00022415606
ONU78776,0.9998563
ONU78941,0.9316652
ONU80310,0.0016937227
ONU80699,0.019547882
ONU80982,0.025557796
ONU81854,0.04444326
ONU83931,0.028476322
ONU84257,2.0410562e-05
ONU84333,0.019249935
ONU84567,0.20436895
ONU84674,0.0019677517
ONU84813,0.09227116
ONU85186,5.0414033e-05
ONU85527,0.00030640714
ONU85751,0.56639296
ONU85821,0.049515713
ONU86421,0.058494702
ONU86481,0.006704833
ONU86492,0.010757721
ONU86579,0.00059013633
ONU86964,0.25756142
ONU87121,0.014083557
ONU87167,0.9996397
ONU87448,0.001418278
ONU87489,0.30284986
ONU88140,0.027912771
ONU88204,0.03499122
ONU88207,0.9988601
ONU88275,0.0009679882
ONU89035,0.0005624051
ONU89093,0.00088500296
ONU89225,0.007874024
ONU89320,9.7663906e-05
ONU89338,0.007518335
ONU89507,0.00057668245
ONU89558,0.004808483
ONU90025,3.66007e-05
ONU91309,0.17531765
ONU91375,0.006588721
ONU91474,0.013980731
ONU92733,0.010925959
ONU92743,0.00026598797
ONU93111,0.00021772513
ONU93756,0.01551153
ONU94067,0.046123136
ONU94342,0.018059846
ONU94420,6.876127e-05
ONU94916,0.033415824
ONU94920,0.023375459
ONU95334,0.007597588
ONU97303,0.00043981287
ONU97308,6.1666666e-05
ONU97439,0.00013231828
ONU97547,0.99065083
ONU97674,0.15691966
ONU97747,0.089892626
ONU98031,0.0056805597
ONU98171,0.015525105
ONU98276,0.023747822
ONU98381,0.98046273
ONU98509,0.07578823
ONU99267,0.17128384
ONU99725,4.166177e-05
ONU101645,0.12185198
ONU102485,0.04254907
ONU102523,0.00053170754
ONU102701,0.00020890223
ONU103459,6.1009556e-05
ONU104121,0.0031275114
ONU106537,0.06802172
ONU106671,0.0055969353
ONU108052,0.19377129
ONU109027,0.00011231923
ONU109923,0.00017100426
ONU110046,0.00044300754
ONU110519,0.035129506
ONU111597,3.329141e-05
ONU113242,0.025061538
ONU113315,0.22624612
ONU115320,0.12916501
ONU115594,0.11315631
ONU115693,0.00046002617
ONU118327,0.00028210966
ONU118467,0.0006086887
ONU118761,0.001284439
ONU119041,0.09696209
ONU119597,0.5828402
ONU119883,0.00039552525
ONU120056,0.005691916
ONU120782,0.9993675
ONU121184,0.003952265
ONU123231,0.9994728
ONU123338,0.00038820598
ONU123491,1.9063393e-05
ONU123623,0.12090657
ONU123669,0.0024721317
ONU123676,0.03691277
ONU123853,0.015303365
ONU124212,3.0046662e-05
ONU124434,0.0012354555
ONU125770,0.029990545
ONU126120,0.0012062928
ONU126390,0.00949972
ONU127204,0.0010049613
ONU127823,0.7127297
ONU127939,0.008518949
ONU128012,0.0018222155
ONU128194,0.0017853808
ONU129004,0.0011858228
ONU130058,3.1113952e-05
ONU130451,0.065259464
ONU130600,0.03367096
ONU130753,0.0027563835
ONU130945,0.14598869
ONU131353,0.048167273
ONU131408,0.2949768
ONU131549,0.0005194816
ONU131944,0.03812143
ONU133828,0.009702753
ONU134679,0.0011332441
ONU135109,0.002703653
ONU135114,0.00010628378
ONU136588,0.0015837881
ONU136950,0.0011287442
ONU136998,0.00029360582
ONU137026,0.00084428705
ONU137370,4.9974973e-05
ONU137463,0.38522482
ONU137858,0.0031668255
ONU138000,0.00020782561
ONU138236,0.01009855
ONU138736,0.0004814457
ONU139138,0.005686535
ONU139739,0.119897954
ONU140218,0.011196793
ONU142280,0.08205214
ONU142712,0.8701069
ONU144746,3.3865483e-06
ONU145189,0.00312262
ONU145230,0.0005679933
ONU146091,0.00055993284
ONU147788,0.0024289933
ONU148994,0.022872271
ONU149118,0.019759635
ONU150968,0.0033982375
ONU151307,0.01852532
ONU152773,0.0009600458
ONU152929,0.041297887
ONU155784,0.2213484
ONU156737,0.032702524
ONU157768,0.0062893108
ONU157777,0.12358596
ONU158272,0.036160056
ONU158496,0.0058783614
ONU158689,0.00463857
ONU159443,0.15928563
ONU159731,0.00086744386
ONU160169,0.0054180864
ONU163641,3.3443637e-05
ONU164229,0.040777776
ONU165236,0.071260534
ONU171614,0.0047975476
ONU171633,0.024113176
ONU172406,0.0011275884
ONU172781,1.2488668e-05
ONU173011,0.00077794696
ONU173063,0.05105639
ONU173992,4.037009e-06
ONU174631,0.0021668654
ONU176659,7.680256e-05
ONU176818,8.820605e-05
ONU178633,0.0012419603
ONU178817,0.08472875
ONU178879,0.04467748
ONU178998,0.00030944558
ONU180467,0.006634629
ONU180959,0.005737774
ONU181083,0.0032098899
ONU182642,0.3905003
ONU183648,0.15119316
ONU184027,0.04532473
ONU186477,0.000988531
ONU186725,0.12410884
ONU187084,0.009167027
ONU187902,0.007953594
ONU187916,0.005095364
ONU188179,0.0034308701
ONU188733,0.10633874
ONU189003,0.51950866
ONU189107,4.435651e-06
ONU189775,0.013729128
ONU189872,0.0012336316
ONU190277,0.0025890872
ONU190598,0.0006545836
ONU191381,0.05696242
ONU191860,0.031755302
ONU192300,2.7700473e-05
ONU192947,0.2720033
ONU194349,0.010795064
ONU196514,0.010806195
ONU197069,0.004910562
ONU198063,0.0627955
ONU200774,0.07341927
ONU201502,0.006519804
ONU203273,0.0046166824
ONU203322,8.864184e-06
ONU206075,7.170997e-05
